page,item,part_no,old_code,description,material,quantity
4,107,PFUAM00623,UAM02-52,LAMIERA ASPIRAZIONE,INOX 304,1
4,106,PFUAM00622,UAM01-176,GUARNIZIONE IN SILICONE,Silicone,1
4,105,PFUAM00621,UAM02-02,PIASTRA ASPIRAZIONE,Alluminio 6082,1
4,104,PFUAM00618,UAM02-,MENSOLA LATERALE,S235JR-FE360B,1
4,103,PFUAM00617,UAM02-,MENSOLA LATERALE,S235JR-FE360B,1
4,102,PFUAM00567,UAM02-50,COLLETTORE ARIA UAM02,"Acciaio, Dolce, Saldato",1
4,101,PFUAM00565,UAM01-,TRAVE TESTA CUCIRE,"Acciaio, Dolce, Saldato",1
4,100,PFUAM00564,HGR 15 R,GUIDA HIWIN HGR 15 R,Commercio,2
4,99,PFUAM00563,UAM01-00,PIANO DI LAVORO,Alluminio AW 5083,1
4,98,PFUAM00562,,TELAIO MACCHINA UAM 02,S235JR-FE360B,1
4,97,PFUAM00421,UAM01-206,TASSELLO,Ottone OT 58,2
4,96,PFUAM00420,UAM01-208,LAMIERA BLOCCO ASPIRAZIONE,INOX 430 CRUDO,1
4,95,PFUAM00419,UAM01-207,CORPO ASPIRAZIONE,Ottone OT 58,1
4,94,PFUAM00334,UAM01-153,ANELLO,S235JR-FE360B,1
4,93,PFUAM00333,UAM01-152,TUBO,S235JR-FE360B,1
4,92,PFUAM00331,,GUARNIZIONE IN SILICONE,Silicone,1
4,91,PFUAM00330,UAM01-180,TAPPO CHIUSURA ASPIRAZIONE,Alluminio 2011,3
4,90,PFUAM00328,,TENUTA GOMMA,Gomma,3
4,89,PFUAM00327,UAM01-176,PIASTRA AGGANCIO CILINDRI,S235JR-FE360B,1
4,88,PFUAM00298,,PERNO BLOCCA PC,Ottone OT 58,2
4,87,PFUAM00295,,BUSSOLA,S235JR-FE360B,1
4,86,PFUAM00294,,SUPPORTO PORTA SPOLE,S235JR-FE360B,1
4,85,PFUAM00284,UAM04-130,SUPPORTO ASTA PC,"Acciaio, Dolce, Saldato",1
4,84,PFUAM00283,,ASTA PORTA COMPUTER,S235JR-FE360B,1
4,83,PFUAM00278,UAM04-133,PORTA COMPUTER,INOX 304,1
4,82,PFUAM00105,PZ452,PERNO SPOLETTA,Commercio,1
4,81,PFUAM00104,UAM03-152,PORTA DISCO SWITCH,Alluminio 2011,1
4,80,PFUAM00103,UAM03-153,DISCO SWITCH,Alluminio 2011,1
4,79,PFUAM00102,UAM03-150,BASETTA SPOLINA,Alluminio 2011,1
4,78,PFUAM00101,UAM03-151,TASTATORE SPOLINA,S235JR-FE360B,1
4,77,PFUAM00100,UAM03-154,PERNO AVVOLGI SPOLINA,S235JR-FE360B,1
4,76,PFUAM00098,UAM01-128,DOPPIO PONTE,Alluminio 2011,2
4,75,MC00005263,,Vite TCEI Parz.Fil. Zincata UNI 5931 (M 4 x 60),Commercio,2
4,74,MC00005261,,PIEDINO ANTIVIBRANTE D.80 M16X125,Generico,4
4,73,MC00005043,RC54,*Varia*,Commercio,10
4,72,MC00004589,"PG25 3/4""","RACCORDO PG25 3/4""",Commercio,2
4,71,MC00004389,,MOTORE RS 248-3671,Commercio,1
4,70,MC00004327,,RACCORDO RIDUZIONE NIPLO 3/8 - 1/4 1201438,Commercio,1
4,69,MC00003370,,SERBATOIO OLIO LUBETOOL + POMPA,Commercio,1
4,68,MC00003362,,GRUPPO ELETTROVALVOLE MULTIPOLARI 0PXB1005,,1
4,67,MC00003359,,RACCORDO A L M.F. 3-8 2110003,Commercio,1
4,66,MC00003356,,GRUPPO ELETTROVALVOLE MULTIPOLARE 0PXB101B5,,1
4,65,MC00003351,,ANTIVIBRANTE D.30 M8-M8,Commercio,4
4,64,MC00003347,1581-16-0015-01,CIL.1581-16-0015-01-1,,3
4,63,MC00003317,,PORTA SPOLE 2 POSTI SIMB.1017,Commercio,1
4,62,MC00003316,A9105657891000,TENDIFILO A9105657891000,Commercio,1
4,61,MC00003267,"PG 40 - 1-1/2""","RACCORDO PG.40 - 1-1/2""",Commercio,1
4,60,MC00002189,,DIN EN 10242 Gomito maschio e femmina 1 1/2,Commercio,1
4,59,MC00001948,V 16 1A6,MICRO OMRON V-16-1A6,Commercio,1
4,58,MC00001398,,VALVOLA A CORSOIO DA 1/4,Commercio,1
4,57,MC00001397,,RACCORDO 90° 3/8 D.8 T220838,Commercio,1
4,56,MC00001396,,MANOMETRO D.40 17070A.C,Commercio,1
4,55,MC00001387,17502AAC,RIDUTTORE DI PRESSIONE 17502A.A.C.,Commercio,1
4,54,MC00001365,,RAC. AUTOMAT. IN OTTONE 010814,Commercio,1
12,69,PFUAM00816,,ALBERO CROCHET,Acciaio C40,1
12,68,PFUAM00306,,ANGOLARI SOSTEGNO,S235JR-FE360B,2
12,67,PFUAM00303,UAM01-116,TASSELLO SENSORE,Alluminio 2011,1
12,66,PFUAM00240,UAM01-111,PULEGGIA MOTORE,Commercio,1
12,65,PFUAM00192,UAM03-116,PIATTO TIRAGGIO CINGHIA,S235JR-FE360B,1
12,64,PFUAM00191,UAM03-117,SUPPORTO MOTORE,Alluminio 6082,1
12,63,PFUAM00189,UAM01-112,PULEGGIA ALBERINO Z16,Commercio,1
12,62,PFUAM00188,UAM03-210,PROLUNGA LUBRIFICAZIONE CROCHET,Ottone OT 58,1
12,61,PFUAM00187,UAM03-104,COPERCHIETTO CUSCINETTO,Acciaio C40,1
12,60,PFUAM00186,UAM03-106,ANELLO DI CENTRAGGIO,Acciaio C40,1
12,59,PFUAM00185,UAM03-107,DISTANZIALE,Acciaio C40,1
12,58,PFUAM00184,UAM03-103,SUPPORTO CUSCINETTI,Alluminio 2011,1
12,57,PFUAM00182,UAM01-173,PIASTRINA SENSORE,INOX 304,1
12,56,PFUAM00181,UAM03-115,LEVA RASAFILO,Acciaio Saldato,1
12,55,PFUAM00180,UAM03-119,PERNO LEVA RASAFILO,Acciaio C40,1
12,54,PFUAM00179,UAM03-120,SUPPORTO PERNO,S235JR-FE360B,1
12,53,PFUAM00178,UAM03-113,SQUADRETTA FISSAGGIO CILINDRO,S235JR-FE360B,1
12,52,PFUAM00177,UAM03-112DX,PIATTINO GUIDA RASAFILO,Acciaio K100,1
12,51,PFUAM00176,UAM03-112SX,PIATTINO GUIDA RASAFILO,Acciaio K100,1
12,50,PFUAM00175,UAM03-110,SUPPORTO FERMA CROCHET,S235JR-FE360B,1
12,49,PFUAM00174,UAM03-111,BARRETTA FERMA CROCHET,Acciaio K100,1
12,48,PFUAM00173,UAM03-109,PLACCA,90MnCrV8,1
12,47,PFUAM00172,UAM03-108,SUPPORTO PLACCA,Acciaio K460 RETT.,1
12,46,PFUAM00170,UAM03-102,SUPPORTO CROCHET,Alluminio 2219,1
12,45,MC00005806,BERO 8M,SENSORE BERO 8M SIEMENS,Commercio,1
12,44,MC00004163,130.09.256,CROCHET COD.130.09.256,Commercio,1
12,43,MC00003398,C.2037,O-RING 2037,Commercio,1
12,42,MC00003310,A9170024915000,VITE MOD.A9170024915000,Commercio,1
12,41,MC00003309,A9572119391000,LINGUETTA COD.A9572119391000,Commercio,1
12,40,MC00003308,A9116849815000,CONTROLAMA COD.A9116849815000,Commercio,1
12,39,MC00003307,A9116849905000,LAMA COD. A9116849905000,Commercio,1
12,38,MC00003303,,Dado esagonale Medio UNI 5588 Zincato - M(8) SX,Commercio,2
12,37,MC00002314,,Chiavetta parallela UNI 6604 - A - A 3 x 3 x 16,Commercio,1
12,36,MC00002234,,Guarnizioni a labbro per albero rotante TC17254,Commercio,1
12,35,MC00002213,,Guarnizioni a labbro per albero rotante TC10197,Commercio,1
14,73,PFUAM00651,UAM02,PIATTO BLOCCA CINGHIA AT 5,Alluminio 6082,2
14,72,PFUAM00650,UAM02-25,STAFFA CANALINA PORTA CAVI,Alluminio 6082,1
14,71,PFUAM00649,UAM02-27,PIATTINO SENSORE,S235JR-FE360B,1
14,70,PFUAM00648,UAM02-33,RONDELLA MOTORE,S235JR-FE360B,1
14,69,PFUAM00647,UAM02-18,RONDELLA,S235JR-FE360B,1
14,68,PFUAM00646,UAM02-16,ALBERO CINGHIA,S235JR-FE360B,1
14,67,PFUAM00645,UAM02-33,PULEGGIA AT5-20,Commercio,1
14,66,PFUAM00644,UAM02-11,SQUADRETTA BLOCCA CINGHIA,Alluminio 6082,1
14,65,PFUAM00643,UAM02-33,PULEGGIA AT5-20,Commercio,1
14,64,PFUAM00642,UAM02-12,BLOCCHETTO FERMA CINGHIA,Alluminio 6082,1
14,63,PFUAM00641,UAM02-26,STAFFA CATENA PORTA CAVI,Alluminio 6082,1
14,62,PFUAM00640,UAM02-30,PULEGGIA 20 AT 5,Commercio,1
14,61,PFUAM00639,UAM02-09,SLITTA TENSIONATURA,Alluminio 6082,1
14,60,PFUAM00638,UAM02-31,COPERCHIETTO,Alluminio 2011,1
14,59,PFUAM00637,,ASTA LETTURA SENSORE,S235JR-FE360B,1
14,58,PFUAM00636,,BARRA QUADRA ALLUMINIO 2011,Alluminio 6082,1
14,57,PFUAM00635,UAM02-23L,SUPPORTO DIMA,Alluminio 6082,1
14,56,PFUAM00633,UAM02-14,TASSELLO CILINDRO,Alluminio 6082,1
14,55,PFUAM00632,UAM02-13,STAFFA GUIDA,Alluminio 6082,4
14,54,PFUAM00631,UAM02-29,COPERCHIO,Alluminio 6082,1
14,53,PFUAM00630,HGR 15 R,GUIDA HIWIN HGR 15 R,Commercio,4
14,52,PFUAM00629,UAM02-10L,PIASTRA TRASLAZIONE,Alluminio 6082,1
14,51,PFUAM00628,UAM02-15L,PIASTRA MOTORE ASSE TRASLAZIONE PINZA,Alluminio 6082,1
14,50,PFUAM00627,UAM02-21L,PORTA PATTINI DOPPIO,Alluminio 6082,1
14,49,PFUAM00626,UAM02-20,PORTA PATTINO SINGOLO,Alluminio 6082,1
14,48,PFUAM00625,UAM02-08,STAFFA SENSORE E FINECORSA,Alluminio 6082,1
14,47,PFUAM00624,UAM02-07,SUPPORTO MOTORE,Alluminio 6082,1
14,46,PFUAM00447,UAM01-22 SX,BLOCCHETTO DX PER FISSAGGIO TASSELLO,S235JR-FE360B,1
14,45,PFUAM00446,UAM01-22 SX,BLOCCHETTO SX PER FISSAGGIO TASSELLO,S235JR-FE360B,1
14,44,PFUAM00217,UAM01-36,PULEGGIA AT5-20,Commercio,1
14,43,PFUAM00200,UAM01-155,BLOCCHETTO,Alluminio 6082,1
14,42,PFUAM00199,,Angolari ad Angoli diseguali UNI EN 10056-1,S235JR-FE360B,1
14,41,PFUAM00098,UAM01-128,DOPPIO PONTE,Alluminio 2011,1
14,40,MC00006040,,ATTACCO RAPIDO MASCHIO M5,Commercio,16
14,39,MC00005043,RC54,RACCORDO ARIA 90° M5 D.4,Commercio,16
14,38,MC00004674,*Varia*,*Varia*,Commercio,8
14,37,MC00003373,,INNESTO RAPIDO FEMMINA M5,Commercio,16
16,93,PFUAM00313,UAM04-138,RONDELLA PER LAMPADA LED,S235JR-FE360B,1
16,92,PFUAM00258,,TAPPO,Acciaio K100,1
16,91,PFUAM00257,,CHIAVETTA REGOLAZIONE LUBRIFICAZIONE,Commercio,2
16,90,PFUAM00256,UAM03-81,PISTONCINO CILINDRO TENSIONE,Ottone OT 58,1
16,89,PFUAM00255,MCD-85,PORTA FOTOCELLULA,Ottone OT 58,1
16,88,PFUAM00254,UAM01-115,VOLANTINO,Alluminio 2011,1
16,87,PFUAM00253,UAM03-254/4,VITE LEVA TENDIFILO,Acciaio C40,1
16,86,PFUAM00252,UAM03-245/6,PERNO FORCELLA,Acciaio C40,1
16,85,PFUAM00251,UAM03-245/5,FORCELLA LEVA TENDIFILO,Alluminio 6082,1
16,84,PFUAM00250,UAM03-245/3,LEVA TENDIFILO,Alluminio 6082,1
16,83,PFUAM00249,,PERNO BIELLA TESTA,18NiCrMo4,1
16,82,PFUAM00248,UAM03-245/1,BIELLA TENDI FILO,Alluminio 6082,1
16,81,PFUAM00247,UAM03-86,COPERCHIO TESTA,Alluminio 2011,1
16,80,PFUAM00245,UAM01-80,ALBERO FISSAGGIO PENDOLO,Ottone OT 58,1
16,79,PFUAM00244,UAM03-88,COPERCHIO LUBRIFICANTE,Alluminio 6082,1
16,78,PFUAM00243,UAM03-87,BLOCCHETTO STROZZA TUBI,Alluminio 6082,1
16,77,PFUAM00242,UAM03-91,TAPPO CILINDRO ALZAPIEDINO,Alluminio 6082,1
16,76,PFUAM00241,UAM03-80,BUSSOLA CILINDRO TENSIONE,Alluminio 2011,1
16,75,PFUAM00240,UAM01-111,PULEGGIA MOTORE,Commercio,1
16,74,PFUAM00239,UAM01-113,PULEGGIA ALBERO TESTA CUCIRE,Commercio,1
16,73,PFUAM00238,UAM03-65,CONTRAPPESO,Acciaio C40,1
16,72,PFUAM00237,UAM03-61,CAMMA SENSORE,S235JR-FE360B,1
16,71,PFUAM00236,UAM03-60,ALBERO TESTA CUCIRE,18NiCrMo4,1
16,70,PFUAM00235,UAM04-03,PIATTO DI COLLEGAMENTO,Alluminio 6082,1
16,69,PFUAM00234,UAM04-23,RONDELLA BARRA,S235JR-FE360B,4
16,68,PFUAM00233,,ASTA TESTA CUCIRE,Acciaio C40 RETT.,4
16,67,PFUAM00232,UAM03-85,TESTA A CUCIRE,Alluminio 2219,1
16,66,PFUAM00231,UAM03-90,COPERCHIO CINGHIA,Alluminio 6082,1
16,65,PFUAM00230,UAM03-89,SUPPORTO MOTORE,Alluminio 6082,1
16,64,PFUAM00229,UAM04-02,CORPO PISTONE TESTA CUCIRE UAM04,Alluminio AW 5083,1
16,63,MC00006342,,PROXIMITY BES M08EF-PSC15B-BP02-003,Commercio,1
16,62,MC00006306,ZRM330T5-16,CINGHIA POLIURETANO T5-330,Commercio,1
16,61,MC00005731,,PASSAFILO SILAC 7896,Commercio,1
16,60,MC00005043,,RAC.90° GIR M5 D.4 2L31001,Commercio,1
16,59,MC00005025,SS7080510TP,VITE BARRA D'AGO IJSS7080510TP,Commercio,1
16,58,MC00004225,RDR5.40,RACCORDO DIRITTO M5 D.4,Commercio,1
16,57,MC00004053,,AGO 134R 90,Commercio,1
16,56,MC00003319,,TAPPO 1/8,Commercio,1
16,55,MC00003318,,PASSAFILO JUKI 22906309,Commercio,1
16,54,MC00003316,A9105657891000,TENDIFILO A9105657891000,Commercio,1
16,53,MC00003315,A9117445491000,SISTEMA TENSIONE FILO A9117445491000,Commercio,1
16,52,MC00003314,A9117473325000,PASSAFILO A9117473325000,Commercio,3
16,51,MC00003313,,BARRA D'AGO JUKI 22939607,Commercio,1
16,50,MC00003312,A9106901991002,MORSETTO BARRA COD.A9106906093002,Commercio,1
16,49,MC00003311,A9117401775951,GUIDA IN GHISA COD.A9117455191000,Commercio,1
16,48,MC00003239,,BLOCCA MORSETTO EMBK,Commercio,2
16,47,MC00003238,,MORSETTO MBK,Commercio,3
